domain,tls_error,tls_version_max,tls_key_alg,tls_key_size,tls_curve,tls_cert_issuer,tls_days_until_expiry,tls_cipher_suites_total,tls_cipher_suites_fs,tls_cipher_suites_list,tls_cipher_suites_weak,tls_cipher_weak_list,tls_hsts
publiccontractsscotland.gov.uk,,TLS_1_2,RSAPublicKey,2048,,"CN=USERTrust RSA Certification Authority,O=The USERTRUST Network,L=Jersey City,ST=New Jersey,C=US",200,4,4,TLS_ECDHE_RSA_WITH_AES_256_GCM_SHA384;TLS_ECDHE_RSA_WITH_AES_256_CBC_SHA384;TLS_ECDHE_RSA_WITH_AES_128_GCM_SHA256;TLS_ECDHE_RSA_WITH_AES_128_CBC_SHA256,0,,0
fenland.gov.uk,,TLS_1_2,RSAPublicKey,2048,,"CN=AAA Certificate Services,O=Comodo CA Limited,L=Salford,ST=Greater Manchester,C=GB",219,4,4,TLS_ECDHE_RSA_WITH_AES_256_GCM_SHA384;TLS_ECDHE_RSA_WITH_AES_128_GCM_SHA256;TLS_DHE_RSA_WITH_AES_256_GCM_SHA384;TLS_DHE_RSA_WITH_AES_128_GCM_SHA256,0,,1
judicialappointments.gov.uk,,TLS_1_3,ECPublicKey,256,secp256r1,"CN=ISRG Root X1,O=Internet Security Research Group,C=US",81,8,5,TLS_CHACHA20_POLY1305_SHA256;TLS_AES_256_GCM_SHA384;TLS_AES_128_GCM_SHA256;TLS_ECDHE_ECDSA_WITH_CHACHA20_POLY1305_SHA256;TLS_ECDHE_ECDSA_WITH_AES_256_GCM_SHA384;TLS_ECDHE_ECDSA_WITH_AES_256_CBC_SHA;TLS_ECDHE_ECDSA_WITH_AES_128_GCM_SHA256;TLS_ECDHE_ECDSA_WITH_AES_128_CBC_SHA,0,,1
york.gov.uk,,TLS_1_2,RSAPublicKey,4096,,"CN=ISRG Root X1,O=Internet Security Research Group,C=US",44,8,8,TLS_ECDHE_RSA_WITH_AES_256_GCM_SHA384;TLS_ECDHE_RSA_WITH_AES_256_CBC_SHA384;TLS_ECDHE_RSA_WITH_AES_256_CBC_SHA;TLS_ECDHE_RSA_WITH_AES_128_GCM_SHA256;TLS_DHE_RSA_WITH_AES_256_GCM_SHA384;TLS_DHE_RSA_WITH_AES_256_CBC_SHA256;TLS_DHE_RSA_WITH_AES_256_CBC_SHA;TLS_DHE_RSA_WITH_AES_128_GCM_SHA256,0,,0
truro.gov.uk,,TLS_1_3,RSAPublicKey,2048,,"CN=ISRG Root X1,O=Internet Security Research Group,C=US",73,44,26,TLS_CHACHA20_POLY1305_SHA256;TLS_AES_256_GCM_SHA384;TLS_AES_128_GCM_SHA256;TLS_AES_128_CCM_SHA256;TLS_RSA_WITH_CAMELLIA_256_CBC_SHA256;TLS_RSA_WITH_CAMELLIA_256_CBC_SHA;TLS_RSA_WITH_CAMELLIA_128_CBC_SHA256;TLS_RSA_WITH_CAMELLIA_128_CBC_SHA;TLS_RSA_WITH_ARIA_256_GCM_SHA384;TLS_RSA_WITH_ARIA_128_GCM_SHA256;TLS_RSA_WITH_AES_256_GCM_SHA384;TLS_RSA_WITH_AES_256_CCM;TLS_RSA_WITH_AES_256_CBC_SHA256;TLS_RSA_WITH_AES_256_CBC_SHA;TLS_RSA_WITH_AES_128_GCM_SHA256;TLS_RSA_WITH_AES_128_CCM;TLS_RSA_WITH_AES_128_CBC_SHA256;TLS_RSA_WITH_AES_128_CBC_SHA;TLS_ECDHE_RSA_WITH_CHACHA20_POLY1305_SHA256;TLS_ECDHE_RSA_WITH_CAMELLIA_256_CBC_SHA384;TLS_ECDHE_RSA_WITH_CAMELLIA_128_CBC_SHA256;TLS_ECDHE_RSA_WITH_ARIA_256_GCM_SHA384;TLS_ECDHE_RSA_WITH_ARIA_128_GCM_SHA256;TLS_ECDHE_RSA_WITH_AES_256_GCM_SHA384;TLS_ECDHE_RSA_WITH_AES_256_CBC_SHA384;TLS_ECDHE_RSA_WITH_AES_256_CBC_SHA;TLS_ECDHE_RSA_WITH_AES_128_GCM_SHA256;TLS_ECDHE_RSA_WITH_AES_128_CBC_SHA256;TLS_ECDHE_RSA_WITH_AES_128_CBC_SHA;TLS_DHE_RSA_WITH_CHACHA20_POLY1305_SHA256;TLS_DHE_RSA_WITH_CAMELLIA_256_CBC_SHA256;TLS_DHE_RSA_WITH_CAMELLIA_256_CBC_SHA;TLS_DHE_RSA_WITH_CAMELLIA_128_CBC_SHA256;TLS_DHE_RSA_WITH_CAMELLIA_128_CBC_SHA;TLS_DHE_RSA_WITH_ARIA_256_GCM_SHA384;TLS_DHE_RSA_WITH_ARIA_128_GCM_SHA256;TLS_DHE_RSA_WITH_AES_256_GCM_SHA384;TLS_DHE_RSA_WITH_AES_256_CCM;TLS_DHE_RSA_WITH_AES_256_CBC_SHA256;TLS_DHE_RSA_WITH_AES_256_CBC_SHA;TLS_DHE_RSA_WITH_AES_128_GCM_SHA256;TLS_DHE_RSA_WITH_AES_128_CCM;TLS_DHE_RSA_WITH_AES_128_CBC_SHA256;TLS_DHE_RSA_WITH_AES_128_CBC_SHA,14,TLS_RSA_WITH_CAMELLIA_256_CBC_SHA256;TLS_RSA_WITH_CAMELLIA_256_CBC_SHA;TLS_RSA_WITH_CAMELLIA_128_CBC_SHA256;TLS_RSA_WITH_CAMELLIA_128_CBC_SHA;TLS_RSA_WITH_ARIA_256_GCM_SHA384;TLS_RSA_WITH_ARIA_128_GCM_SHA256;TLS_RSA_WITH_AES_256_GCM_SHA384;TLS_RSA_WITH_AES_256_CCM;TLS_RSA_WITH_AES_256_CBC_SHA256;TLS_RSA_WITH_AES_256_CBC_SHA;TLS_RSA_WITH_AES_128_GCM_SHA256;TLS_RSA_WITH_AES_128_CCM;TLS_RSA_WITH_AES_128_CBC_SHA256;TLS_RSA_WITH_AES_128_CBC_SHA,0
lancaster.gov.uk,,TLS_1_3,RSAPublicKey,2048,,"CN=USERTrust RSA Certification Authority,O=The USERTRUST Network,L=Jersey City,ST=New Jersey,C=US",282,14,6,TLS_AES_256_GCM_SHA384;TLS_AES_128_GCM_SHA256;TLS_RSA_WITH_AES_256_GCM_SHA384;TLS_RSA_WITH_AES_256_CBC_SHA256;TLS_RSA_WITH_AES_256_CBC_SHA;TLS_RSA_WITH_AES_128_GCM_SHA256;TLS_RSA_WITH_AES_128_CBC_SHA256;TLS_RSA_WITH_AES_128_CBC_SHA;TLS_ECDHE_RSA_WITH_AES_256_GCM_SHA384;TLS_ECDHE_RSA_WITH_AES_256_CBC_SHA384;TLS_ECDHE_RSA_WITH_AES_256_CBC_SHA;TLS_ECDHE_RSA_WITH_AES_128_GCM_SHA256;TLS_ECDHE_RSA_WITH_AES_128_CBC_SHA256;TLS_ECDHE_RSA_WITH_AES_128_CBC_SHA,6,TLS_RSA_WITH_AES_256_GCM_SHA384;TLS_RSA_WITH_AES_256_CBC_SHA256;TLS_RSA_WITH_AES_256_CBC_SHA;TLS_RSA_WITH_AES_128_GCM_SHA256;TLS_RSA_WITH_AES_128_CBC_SHA256;TLS_RSA_WITH_AES_128_CBC_SHA,0
gov.uk,,TLS_1_3,RSAPublicKey,2048,,"CN=GlobalSign,O=GlobalSign,OU=GlobalSign Root CA - R3",123,12,5,TLS_CHACHA20_POLY1305_SHA256;TLS_AES_256_GCM_SHA384;TLS_AES_128_GCM_SHA256;TLS_RSA_WITH_AES_256_CBC_SHA;TLS_RSA_WITH_AES_128_GCM_SHA256;TLS_RSA_WITH_AES_128_CBC_SHA;TLS_RSA_WITH_3DES_EDE_CBC_SHA;TLS_ECDHE_RSA_WITH_AES_256_GCM_SHA384;TLS_ECDHE_RSA_WITH_AES_256_CBC_SHA;TLS_ECDHE_RSA_WITH_AES_128_GCM_SHA256;TLS_ECDHE_RSA_WITH_AES_128_CBC_SHA256;TLS_ECDHE_RSA_WITH_AES_128_CBC_SHA,4,TLS_RSA_WITH_AES_256_CBC_SHA;TLS_RSA_WITH_AES_128_GCM_SHA256;TLS_RSA_WITH_AES_128_CBC_SHA;TLS_RSA_WITH_3DES_EDE_CBC_SHA,1
harrow.gov.uk,,TLS_1_3,RSAPublicKey,2048,,"CN=Starfield Services Root Certificate Authority - G2,O=Starfield Technologies\, Inc.,L=Scottsdale,ST=Arizona,C=US",385,7,4,TLS_CHACHA20_POLY1305_SHA256;TLS_AES_256_GCM_SHA384;TLS_AES_128_GCM_SHA256;TLS_ECDHE_RSA_WITH_AES_256_GCM_SHA384;TLS_ECDHE_RSA_WITH_AES_256_CBC_SHA384;TLS_ECDHE_RSA_WITH_AES_128_GCM_SHA256;TLS_ECDHE_RSA_WITH_AES_128_CBC_SHA256,0,,0
eden.gov.uk,,TLS_1_3,RSAPublicKey,2048,,"CN=DigiCert Global Root G2,OU=www.digicert.com,O=DigiCert Inc,C=US",240,8,5,TLS_CHACHA20_POLY1305_SHA256;TLS_AES_256_GCM_SHA384;TLS_AES_128_GCM_SHA256;TLS_ECDHE_RSA_WITH_CHACHA20_POLY1305_SHA256;TLS_ECDHE_RSA_WITH_AES_256_GCM_SHA384;TLS_ECDHE_RSA_WITH_AES_128_GCM_SHA256;TLS_DHE_RSA_WITH_AES_256_GCM_SHA384;TLS_DHE_RSA_WITH_AES_128_GCM_SHA256,0,,0
data.gov.uk,,TLS_1_3,RSAPublicKey,2048,,"CN=GlobalSign,O=GlobalSign,OU=GlobalSign Root CA - R3",123,12,5,TLS_CHACHA20_POLY1305_SHA256;TLS_AES_256_GCM_SHA384;TLS_AES_128_GCM_SHA256;TLS_RSA_WITH_AES_256_CBC_SHA;TLS_RSA_WITH_AES_128_GCM_SHA256;TLS_RSA_WITH_AES_128_CBC_SHA;TLS_RSA_WITH_3DES_EDE_CBC_SHA;TLS_ECDHE_RSA_WITH_AES_256_GCM_SHA384;TLS_ECDHE_RSA_WITH_AES_256_CBC_SHA;TLS_ECDHE_RSA_WITH_AES_128_GCM_SHA256;TLS_ECDHE_RSA_WITH_AES_128_CBC_SHA256;TLS_ECDHE_RSA_WITH_AES_128_CBC_SHA,4,TLS_RSA_WITH_AES_256_CBC_SHA;TLS_RSA_WITH_AES_128_GCM_SHA256;TLS_RSA_WITH_AES_128_CBC_SHA;TLS_RSA_WITH_3DES_EDE_CBC_SHA,0
telford.gov.uk,,TLS_1_3,RSAPublicKey,2048,,"CN=DigiCert Global Root CA,OU=www.digicert.com,O=DigiCert Inc,C=US",109,8,6,TLS_AES_256_GCM_SHA384;TLS_AES_128_GCM_SHA256;TLS_ECDHE_RSA_WITH_AES_256_GCM_SHA384;TLS_ECDHE_RSA_WITH_AES_256_CBC_SHA384;TLS_ECDHE_RSA_WITH_AES_128_GCM_SHA256;TLS_ECDHE_RSA_WITH_AES_128_CBC_SHA256;TLS_DHE_RSA_WITH_AES_256_GCM_SHA384;TLS_DHE_RSA_WITH_AES_128_GCM_SHA256,0,,0
newforest.gov.uk,,TLS_1_2,RSAPublicKey,4096,,"CN=ISRG Root X1,O=Internet Security Research Group,C=US",71,4,4,TLS_ECDHE_RSA_WITH_AES_256_GCM_SHA384;TLS_ECDHE_RSA_WITH_AES_128_GCM_SHA256;TLS_DHE_RSA_WITH_AES_256_GCM_SHA384;TLS_DHE_RSA_WITH_AES_128_GCM_SHA256,0,,1
broxtowe.gov.uk,,TLS_1_3,RSAPublicKey,2048,,"CN=USERTrust RSA Certification Authority,O=The USERTRUST Network,L=Jersey City,ST=New Jersey,C=US",103,8,5,TLS_CHACHA20_POLY1305_SHA256;TLS_AES_256_GCM_SHA384;TLS_AES_128_GCM_SHA256;TLS_ECDHE_RSA_WITH_CHACHA20_POLY1305_SHA256;TLS_ECDHE_RSA_WITH_AES_256_GCM_SHA384;TLS_ECDHE_RSA_WITH_AES_128_GCM_SHA256;TLS_DHE_RSA_WITH_AES_256_GCM_SHA384;TLS_DHE_RSA_WITH_AES_128_GCM_SHA256,0,,0
scilly.gov.uk,,TLS_1_3,RSAPublicKey,2048,,"CN=ISRG Root X1,O=Internet Security Research Group,C=US",47,6,3,TLS_CHACHA20_POLY1305_SHA256;TLS_AES_256_GCM_SHA384;TLS_AES_128_GCM_SHA256;TLS_ECDHE_RSA_WITH_CHACHA20_POLY1305_SHA256;TLS_ECDHE_RSA_WITH_AES_256_GCM_SHA384;TLS_ECDHE_RSA_WITH_AES_128_GCM_SHA256,0,,1
harpenden.gov.uk,,TLS_1_3,RSAPublicKey,2048,,"CN=ISRG Root X1,O=Internet Security Research Group,C=US",79,9,5,TLS_CHACHA20_POLY1305_SHA256;TLS_AES_256_GCM_SHA384;TLS_AES_128_GCM_SHA256;TLS_AES_128_CCM_SHA256;TLS_ECDHE_RSA_WITH_CHACHA20_POLY1305_SHA256;TLS_ECDHE_RSA_WITH_AES_256_GCM_SHA384;TLS_ECDHE_RSA_WITH_AES_128_GCM_SHA256;TLS_DHE_RSA_WITH_AES_256_GCM_SHA384;TLS_DHE_RSA_WITH_AES_128_GCM_SHA256,0,,0
elmbridge.gov.uk,,TLS_1_2,RSAPublicKey,2048,,"CN=DigiCert Global Root G2,OU=www.digicert.com,O=DigiCert Inc,C=US",42,12,6,TLS_RSA_WITH_AES_256_GCM_SHA384;TLS_RSA_WITH_AES_256_CBC_SHA256;TLS_RSA_WITH_AES_256_CBC_SHA;TLS_RSA_WITH_AES_128_GCM_SHA256;TLS_RSA_WITH_AES_128_CBC_SHA256;TLS_RSA_WITH_AES_128_CBC_SHA;TLS_ECDHE_RSA_WITH_AES_256_GCM_SHA384;TLS_ECDHE_RSA_WITH_AES_256_CBC_SHA384;TLS_ECDHE_RSA_WITH_AES_256_CBC_SHA;TLS_ECDHE_RSA_WITH_AES_128_GCM_SHA256;TLS_ECDHE_RSA_WITH_AES_128_CBC_SHA256;TLS_ECDHE_RSA_WITH_AES_128_CBC_SHA,6,TLS_RSA_WITH_AES_256_GCM_SHA384;TLS_RSA_WITH_AES_256_CBC_SHA256;TLS_RSA_WITH_AES_256_CBC_SHA;TLS_RSA_WITH_AES_128_GCM_SHA256;TLS_RSA_WITH_AES_128_CBC_SHA256;TLS_RSA_WITH_AES_128_CBC_SHA,1
woking.gov.uk,,TLS_1_3,RSAPublicKey,4096,,"CN=AAA Certificate Services,O=Comodo CA Limited,L=Salford,ST=Greater Manchester,C=GB",55,8,5,TLS_CHACHA20_POLY1305_SHA256;TLS_AES_256_GCM_SHA384;TLS_AES_128_GCM_SHA256;TLS_ECDHE_RSA_WITH_CHACHA20_POLY1305_SHA256;TLS_ECDHE_RSA_WITH_AES_256_GCM_SHA384;TLS_ECDHE_RSA_WITH_AES_128_GCM_SHA256;TLS_DHE_RSA_WITH_AES_256_GCM_SHA384;TLS_DHE_RSA_WITH_AES_128_GCM_SHA256,0,,1
preston.gov.uk,,TLS_1_2,RSAPublicKey,2048,,"CN=DigiCert Global Root G2,OU=www.digicert.com,O=DigiCert Inc,C=US",54,4,4,TLS_ECDHE_RSA_WITH_AES_256_GCM_SHA384;TLS_ECDHE_RSA_WITH_AES_128_GCM_SHA256;TLS_DHE_RSA_WITH_AES_256_GCM_SHA384;TLS_DHE_RSA_WITH_AES_128_GCM_SHA256,0,,1
pendle.gov.uk,certinfo_error ('NoneType' object has no attribute 'get'),,,0,,,0,0,0,,0,,0
brent.gov.uk,,TLS_1_2,RSAPublicKey,2048,,"CN=SSL.com EV Root Certification Authority RSA R2,O=SSL Corporation,L=Houston,ST=Texas,C=US",177,6,6,TLS_ECDHE_RSA_WITH_AES_256_CBC_SHA384;TLS_ECDHE_RSA_WITH_AES_256_CBC_SHA;TLS_ECDHE_RSA_WITH_AES_128_CBC_SHA256;TLS_ECDHE_RSA_WITH_AES_128_CBC_SHA;TLS_DHE_RSA_WITH_AES_256_GCM_SHA384;TLS_DHE_RSA_WITH_AES_128_GCM_SHA256,0,,1
